<?xml version="1.0" encoding="UTF-8"?>
<project-private xmlns="http://www.netbeans.org/ns/project-private/1">
    <editor-bookmarks xmlns="http://www.netbeans.org/ns/editor-bookmarks/2" lastBookmarkId="0"/>
    <open-files xmlns="http://www.netbeans.org/ns/projectui-open-files/2">
        <group>
            <file>file:/C:/Users/ameya/Documents/NetBeansProjects/Quiz%20or%20Exam%20Management%20System/src/studentDetails.java</file>
            <file>file:/C:/Users/ameya/Documents/NetBeansProjects/Quiz%20or%20Exam%20Management%20System/src/index.java</file>
            <file>file:/C:/Users/ameya/Documents/NetBeansProjects/Quiz%20or%20Exam%20Management%20System/src/quizExamStudent.java</file>
            <file>file:/C:/Users/ameya/Documents/NetBeansProjects/Quiz%20or%20Exam%20Management%20System/src/allStudentResult.java</file>
            <file>file:/C:/Users/ameya/Documents/NetBeansProjects/Quiz%20or%20Exam%20Management%20System/src/instructionStudent.java</file>
            <file>file:/C:/Users/ameya/Documents/NetBeansProjects/Quiz%20or%20Exam%20Management%20System/src/allQuestion.java</file>
            <file>file:/C:/Users/ameya/Documents/NetBeansProjects/Quiz%20or%20Exam%20Management%20System/src/addNewQuestion.java</file>
            <file>file:/C:/Users/ameya/Documents/NetBeansProjects/Quiz%20or%20Exam%20Management%20System/src/loginAdmin.java</file>
            <file>file:/C:/Users/ameya/Documents/NetBeansProjects/Quiz%20or%20Exam%20Management%20System/src/loginStudent.java</file>
            <file>file:/C:/Users/ameya/Documents/NetBeansProjects/Quiz%20or%20Exam%20Management%20System/src/successfullySubmited.java</file>
        </group>
    </open-files>
</project-private>
